BuildProj[83,2025]	400756.255608
BuildProj[68,2025]	996480.306789
BuildProj[Escuadron_(ex_FPC),2008]	3192387.5217
BuildProj[70,2045]	139924.082224
BuildProj[89,2015]	928705.567209
BuildProj[Canela_1,2007]	1902286.7124
BuildProj[251,2035]	781645.482197
BuildProj[Cementos_Biobio,2010]	1252504.73364
BuildProj[53,2015]	4980703.83969
BuildProj[20,2025]	710195.221178
BuildProj[Los_Vientos_TG,2007]	1252504.73364
BuildProj[Nehuenco_II,2003]	735348.93886
BuildProj[64,2045]	133435.672052
BuildProj[238,2045]	251323.11899
BuildProj[1,2015]	1716747.69771
BuildProj[DIESEL_ARICA,1988]	0.0
BuildProj[Collipulli,2007]	1252504.73364
BuildProj[78,2035]	412977.668022
BuildProj[Quellon,2006]	1252504.73364
BuildProj[Horcones_TG,2004]	1252504.73364
BuildProj[Energia_Pacifico,2011]	3192387.5217
BuildProj[72,2025]	994250.189308
BuildProj[Cabrero,2010]	2417432.82936
BuildProj[232,2045]	251100.846132
BuildProj[256,2015]	4283618.27268
BuildProj[82,2015]	741087.030466
BuildProj[15,2035]	278295.660252
BuildProj[283,2045]	87674.7739334
BuildProj[74,2015]	2187369.62256
BuildProj[258,2025]	1898546.25235
BuildProj[DIESEL_ZOFRI,2007]	1252504.73365
BuildProj[240,2025]	1946756.16058
BuildProj[San_Isidro_II,2007]	1109163.0514
BuildProj[268,2035]	779293.359999
BuildProj[62,2035]	409732.776335
BuildProj[291,2025]	729719.598175
BuildProj[Cholguan,2003]	1602700.94067
BuildProj[242,2015]	4270540.99849
BuildProj[Punitaqui,2007]	1252504.73365
BuildProj[266,2045]	251648.668583
BuildProj[301,2015]	1778830.71847
BuildProj[Placilla,2008]	1252504.73364
BuildProj[Esperanza_TG,2007]	1252504.73364
BuildProj[Concon,2007]	1252504.73365
BuildProj[19,2035]	272103.220222
BuildProj[Cenizas,2009]	1252504.73364
BuildProj[51,2045]	334101.471865
BuildProj[Las_Vegas,2007]	1252504.73365
BuildProj[272,2035]	777974.363815
BuildProj[L.Verde_TG,2004]	1252504.73364
BuildProj[243,2015]	4340567.23322
BuildProj[57,2045]	68485.3064175
BuildProj[85,2045]	55175.9005432
BuildProj[87,2025]	383224.599798
BuildProj[245,2025]	1909239.19745
BuildProj[Curauma,2007]	1252504.73365
BuildProj[96,2015]	800642.638876
BuildProj[33,2045]	83336.029892
BuildProj[68,2015]	2206605.13623
BuildProj[230,2035]	786021.333408
BuildProj[60,2015]	2194096.56524
BuildProj[251,2025]	1913283.38331
BuildProj[290,2035]	275569.176729
BuildProj[253,2045]	253811.607531
BuildProj[16,2015]	1735735.5332
BuildProj[236,2025]	1918225.22726
BuildProj[91,2035]	177653.129562
BuildProj[8,2015]	1780900.65328
BuildProj[236,2015]	4309311.08711
BuildProj[228,2015]	4305747.2093
BuildProj[91,2025]	409343.890297
BuildProj[76,2025]	994995.839426
BuildProj[287,2015]	1732038.55106
BuildProj[234,2025]	1910761.4579
BuildProj[86,2045]	55062.7414532
BuildProj[234,2035]	780550.979622
BuildProj[Canela_2,2009]	1902286.7124
BuildProj[296,2035]	268594.307564
BuildProj[TERMOELeCTRICA_ANDINA,2010]	2734481.28878
BuildProj[72,2045]	133840.404224
BuildProj[246,2045]	253425.606991
BuildProj[23,2025]	724205.782852
BuildProj[295,2025]	756879.090113
BuildProj[Huasco_TG,1977]	0.0
BuildProj[Ventanas_1,1964]	0.0
BuildProj[80,2025]	380350.140617
BuildProj[254,2025]	1898024.85166
BuildProj[287,2025]	721082.290634
BuildProj[240,2045]	256008.635305
BuildProj[90,2015]	808658.250278
BuildProj[291,2045]	85558.3280621
BuildProj[32,2025]	717749.454044
BuildProj[Lautaro-Comasa,2011]	3192387.5217
BuildProj[54,2015]	4910694.51654
BuildProj[221,2015]	4302153.61399
BuildProj[46,2015]	4944272.98867
BuildProj[2,2015]	1718997.63891
BuildProj[299,2025]	717957.84894
BuildProj[SALTA,1999]	735348.938862
BuildProj[Trapen,2009]	1252504.73364
BuildProj[250,2015]	4363679.60985
BuildProj[222,2015]	4251467.93769
BuildProj[52,2035]	1023345.61548
BuildProj[Esperanza_1,2007]	1252504.73364
BuildProj[TERMOELeCTRICA_HORNITOS,2008]	2734481.28878
BuildProj[87,2015]	753860.791639
BuildProj[DIESEL_TAMAYA,1992]	0.0
BuildProj[284,2045]	84339.1461887
BuildProj[Antilhue_TG,2002]	830381.092878
BuildProj[85,2025]	377228.573223
BuildProj[269,2035]	776434.832495
BuildProj[271,2035]	781586.119078
BuildProj[70,2035]	430033.926546
BuildProj[56,2035]	208888.339159
BuildProj[93,2045]	60161.0868244
BuildProj[253,2025]	1931735.44239
BuildProj[294,2015]	1772330.9348
BuildProj[7,2035]	284938.045525
BuildProj[Colmito,2008]	1252504.73364
BuildProj[249,2015]	4349589.97668
BuildProj[89,2025]	472106.817692
BuildProj[74,2025]	987378.692707
BuildProj[49,2025]	2418326.25371
BuildProj[223,2025]	1916660.84855
BuildProj[244,2015]	4253078.66915
BuildProj[Taltal_1,2000]	830381.092878
BuildProj[74,2035]	409000.539154
BuildProj[TERMOELeCTRICA_MEJILLONES,1983]	1440614.44265
BuildProj[15,2045]	85046.0783386
BuildProj[1,2025]	713847.160419
BuildProj[242,2025]	1899880.49311
BuildProj[11,2035]	286948.076647
BuildProj[293,2025]	728671.544939
BuildProj[34,2045]	84622.1296501
BuildProj[69,2015]	2233942.30394
BuildProj[94,2025]	412817.591503
BuildProj[61,2015]	2188977.85733
BuildProj[80,2045]	55632.4812584
BuildProj[254,2045]	248880.87764
BuildProj[293,2035]	279360.733038
BuildProj[Constitucion_1,2007]	1252504.73365
BuildProj[227,2025]	1906465.09845
BuildProj[94,2035]	179160.697905
BuildProj[289,2045]	83390.8247623
BuildProj[46,2025]	2436130.55617
BuildProj[237,2015]	4274989.09169
BuildProj[6,2025]	748055.237543
BuildProj[229,2015]	4299352.07193
BuildProj[248,2045]	252292.062986
BuildProj[272,2015]	4280989.71774
BuildProj[Valdivia,2004]	2417432.82936
BuildProj[31,2035]	276679.556032
BuildProj[83,2045]	58617.2121391
BuildProj[297,2025]	711347.802095
BuildProj[Totoral_(eolica),2009]	1902286.7124
BuildProj[299,2045]	83837.9782486
BuildProj[296,2045]	81776.4936352
BuildProj[297,2035]	271842.318314
BuildProj[284,2035]	276198.085566
BuildProj[Totoral,2008]	1252504.73364
BuildProj[298,2015]	1749871.52852
BuildProj[DIESEL_INACAL,2009]	1252504.73364
BuildProj[55,2035]	1019639.08028
BuildProj[282,2045]	83861.5314732
BuildProj[Quintero,2009]	1252504.73365
BuildProj[284,2025]	721384.251869
BuildProj[33,2035]	273221.687685
BuildProj[Los_Espinos,2009]	1252504.73365
BuildProj[91,2015]	805241.389399
BuildProj[83,2015]	788348.212162
BuildProj[Chiloe,2008]	1252504.73365
BuildProj[226,2035]	776836.791346
BuildProj[55,2015]	4919564.89515
BuildProj[228,2035]	783058.367052
BuildProj[93,2025]	411311.473356
BuildProj[29,2035]	274055.400303
BuildProj[47,2015]	4973323.42937
BuildProj[3,2015]	1734228.13556
BuildProj[251,2015]	4298866.90588
BuildProj[223,2015]	4306004.90121
BuildProj[53,2035]	1033127.61301
BuildProj[22,2015]	1716571.43472
BuildProj[TERMOELeCTRICA_TOCOPILLA_DIE,1972]	0.0
BuildProj[63,2025]	992584.869228
BuildProj[258,2015]	4267721.19025
BuildProj[49,2045]	334506.752077
BuildProj[246,2035]	788508.258303
BuildProj[76,2015]	2203467.83641
BuildProj[264,2015]	4244629.55751
BuildProj[82,2025]	376731.067347
BuildProj[15,2025]	726217.43091
BuildProj[59,2045]	134139.202477
BuildProj[34,2025]	723318.963339
BuildProj[Monte_Redondo,2009]	1902286.7124
BuildProj[23,2045]	84751.8416309
BuildProj[94,2045]	60381.381443
BuildProj[San_Fco._Mostazal,2002]	830381.09288
BuildProj[67,2025]	997225.280361
BuildProj[295,2015]	1807692.14607
BuildProj[227,2045]	250115.402941
BuildProj[Guacolda_3,2009]	2734481.28878
BuildProj[301,2025]	743222.80932
BuildProj[Emelda_U2,2010]	1252504.73364
BuildProj[Casablanca,2007]	1252504.73364
BuildProj[250,2035]	794954.907988
BuildProj[ESTANDARTES,2009]	1252504.73365
BuildProj[19,2025]	711948.96574
BuildProj[4,2025]	720082.653095
BuildProj[Tapihue,2009]	1252504.73365
BuildProj[6,2045]	88240.2177334
BuildProj[25,2015]	1739774.33951
BuildProj[TERMOELeCTRICA_NORGENER,1995]	2545231.92252
BuildProj[235,2025]	1924313.5711
BuildProj[52,2045]	336522.957605
BuildProj[297,2045]	82871.1498756
BuildProj[54,2025]	2419060.96364
BuildProj[293,2015]	1748077.81658
BuildProj[62,2045]	133082.115717
BuildProj[48,2035]	1019195.15337
BuildProj[Olivos,2008]	1252504.73364
BuildProj[261,2045]	250907.552082
BuildProj[263,2045]	248119.47732
BuildProj[71,2035]	411883.658068
BuildProj[70,2015]	2289795.58234
BuildProj[282,2025]	718118.878471
BuildProj[8,2025]	744202.234575
BuildProj[271,2045]	251092.682783
BuildProj[62,2015]	2190935.3866
BuildProj[257,2025]	1912087.50036
BuildProj[Licanten,2004]	2417432.82936
BuildProj[267,2035]	773769.930004
BuildProj[290,2045]	84127.1890755
BuildProj[Laja,1995]	2116477.62116
BuildProj[68,2035]	412950.592552
BuildProj[271,2025]	1913146.60029
BuildProj[230,2015]	4320175.92053
BuildProj[265,2015]	4298778.03776
BuildProj[300,2045]	84672.0201893
BuildProj[262,2025]	1891541.98917
BuildProj[285,2035]	284797.360983
BuildProj[287,2035]	276067.035952
BuildProj[69,2045]	136058.560238
BuildProj[86,2035]	163379.488039
BuildProj[72,2035]	411982.733112
BuildProj[Ventanas_2,1964]	0.0
BuildProj[21,2035]	269852.394262
BuildProj[71,2025]	994021.903078
BuildProj[229,2025]	1913512.94797
BuildProj[92,2015]	803204.775082
BuildProj[Esperanza_2,2007]	1252504.73364
BuildProj[84,2015]	739949.65728
BuildProj[21,2045]	82200.4985313
BuildProj[229,2035]	781745.11207
BuildProj[289,2035]	273384.272358
BuildProj[291,2035]	279815.582716
BuildProj[32,2015]	1724994.87472
BuildProj[67,2045]	134275.56036
BuildProj[225,2045]	250888.026869
BuildProj[4,2015]	1729925.89924
BuildProj[90,2035]	178406.960695
BuildProj[78,2025]	996542.693403
BuildProj[252,2015]	4276130.91537
BuildProj[31,2045]	84501.4130936
BuildProj[75,2025]	985874.986412
BuildProj[233,2025]	1921011.11759
BuildProj[235,2045]	252726.036444
BuildProj[Maule,2007]	1252504.73364
BuildProj[50,2045]	334041.504421
BuildProj[52,2025]	2432110.71988
BuildProj[233,2035]	784999.278875
BuildProj[12,2025]	741197.742901
BuildProj[87,2035]	166317.492683
BuildProj[60,2045]	133300.89617
BuildProj[TERMOELeCTRICA_TARAPACa,1999]	2545231.92252
BuildProj[DIESEL_MANTOS_BLANCOS,1995]	830381.092878
BuildProj[Nueva_Renca,1997]	830381.092878
BuildProj[8,2045]	87676.6525002
BuildProj[269,2045]	249356.577692
BuildProj[45,2035]	655441.051483
BuildProj[47,2035]	1031499.33978
BuildProj[Renca,1962]	0.0
BuildProj[56,2025]	500636.933744
BuildProj[231,2045]	253115.876375
BuildProj[78,2015]	2206736.98522
BuildProj[290,2025]	719935.135887
BuildProj[16,2025]	722831.58131
BuildProj[224,2035]	780192.661001
BuildProj[300,2035]	277185.773109
BuildProj[46,2045]	337110.924963
BuildProj[224,2025]	1909935.82911
BuildProj[298,2045]	85529.1731167
BuildProj[D._Almagro,1981]	0.0
BuildProj[65,2025]	992783.769682
BuildProj[49,2035]	1017363.22851
BuildProj[Quellon_II,2008]	1252504.73365
BuildProj[51,2035]	1016160.70078
BuildProj[262,2045]	247932.652077
BuildProj[224,2045]	250623.054543
BuildProj[Campanario,2007]	1252504.73364
BuildProj[242,2035]	775828.697227
BuildProj[71,2015]	2201409.50195
BuildProj[244,2035]	772242.770977
BuildProj[256,2045]	250057.354425
BuildProj[63,2015]	2198372.44896
BuildProj[69,2025]	1009415.3578
BuildProj[San_Gregorio,2011]	1252504.73365
BuildProj[270,2035]	779292.172743
BuildProj[246,2015]	4332286.46006
BuildProj[Candelaria_1,2005]	1252504.73364
BuildProj[69,2035]	418564.337738
BuildProj[264,2025]	1887620.04922
BuildProj[21,2025]	706762.668955
BuildProj[231,2015]	4327811.13424
BuildProj[65,2045]	133625.916168
BuildProj[6,2035]	287773.155294
BuildProj[248,2035]	785144.86167
BuildProj[29,2045]	83617.0107117
BuildProj[73,2025]	984439.345848
BuildProj[75,2045]	132615.392668
BuildProj[233,2045]	252242.99815
BuildProj[238,2015]	4301907.41988
BuildProj[73,2035]	407724.877831
BuildProj[25,2025]	724742.611971
BuildProj[60,2035]	410381.931055
BuildProj[ATACAMA,1999]	735348.938862
BuildProj[241,2025]	1923005.91013
BuildProj[243,2045]	253998.706936
BuildProj[58,2045]	66908.6012135
BuildProj[93,2015]	809111.923082
BuildProj[Tierra_Amarilla,2009]	1252504.73364
BuildProj[TG_Coronel,2005]	1252504.73364
BuildProj[85,2015]	742065.699825
BuildProj[22,2045]	83224.5233555
BuildProj[33,2015]	1718182.60281
BuildProj[68,2045]	134166.595688
BuildProj[226,2045]	249492.047306
BuildProj[25,2035]	277655.596466
BuildProj[64,2035]	410781.831495
BuildProj[77,2035]	413805.947195
BuildProj[16,2045]	84550.8419895
BuildProj[296,2015]	1695648.72174
BuildProj[95,2045]	59615.9820919
BuildProj[Newen,2009]	1252504.73365
BuildProj[Nueva_Ventanas,2009]	2734481.28878
BuildProj[260,2015]	4342698.1373
BuildProj[259,2015]	4349526.22094
BuildProj[Colihues,2010]	1252504.73364
BuildProj[221,2035]	782320.414656
BuildProj[223,2035]	783111.284628
BuildProj[283,2035]	286095.397957
BuildProj[82,2035]	163499.33321
BuildProj[84,2035]	163248.404844
BuildProj[225,2015]	4295620.7343
BuildProj[Guacolda_1,1995]	2545231.92252
BuildProj[45,2025]	1631470.0982
BuildProj[270,2045]	250319.568758
BuildProj[4,2045]	84148.7658997
BuildProj[6,2015]	1789043.65854
BuildProj[79,2015]	846548.492104
BuildProj[El_Penon,2009]	1252504.73365
BuildProj[225,2035]	780978.873999
BuildProj[264,2045]	247359.003675
BuildProj[227,2035]	778686.381863
BuildProj[Guacolda_4,2010]	2734481.28878
BuildProj[301,2035]	285675.906458
BuildProj[77,2025]	998451.193523
BuildProj[TERMOELeCTRICA_TOCOPILLA,1972]	0.0
BuildProj[19,2015]	1712736.01919
BuildProj[88,2035]	187123.291826
BuildProj[247,2015]	4337130.62057
BuildProj[272,2025]	1904824.4843
BuildProj[29,2025]	716447.130173
BuildProj[239,2015]	4316801.72884
BuildProj[21,2015]	1701775.20699
BuildProj[282,2015]	1725775.6229
BuildProj[73,2045]	132405.406557
BuildProj[245,2035]	779890.326469
BuildProj[Calle_Calle,2011]	1252504.73364
BuildProj[TERMOELeCTRICA_ANGAMOS,2011]	2734481.28878
BuildProj[81,2025]	383056.579597
BuildProj[48,2015]	4917552.72501
BuildProj[255,2025]	1881294.86876
BuildProj[241,2045]	252534.769459
BuildProj[Los_Sauces,2011]	1252504.73364
BuildProj[58,2025]	491642.906839
BuildProj[12,2015]	1774550.90695
BuildProj[47,2045]	339270.955034
BuildProj[33,2025]	714526.110443
BuildProj[Los_Pinos,2008]	1252504.73364
BuildProj[228,2025]	1916538.91719
BuildProj[251,2045]	251112.689556
BuildProj[66,2045]	134168.272343
BuildProj[7,2045]	87284.7188644
BuildProj[226,2025]	1902203.31832
BuildProj[TERMOELeCTRICA_MEJILLONES_GNL,1983]	0.0
BuildProj[249,2035]	792061.572025
BuildProj[232,2035]	781610.340963
BuildProj[236,2035]	783790.216892
BuildProj[249,2025]	1937283.87653
BuildProj[DIESEL_IQUIQUE,1975]	0.0
BuildProj[3,2025]	722118.330196
BuildProj[78,2045]	134175.720758
BuildProj[11,2015]	1785025.78587
BuildProj[76,2045]	133949.467852
BuildProj[234,2045]	250743.81637
BuildProj[262,2035]	772209.829678
BuildProj[285,2045]	87237.3048553
BuildProj[61,2035]	409330.793562
BuildProj[63,2035]	411259.992813
BuildProj[244,2045]	247943.754072
BuildProj[50,2015]	4902992.07291
BuildProj[246,2025]	1929096.42007
BuildProj[94,2015]	812074.685442
BuildProj[240,2035]	796172.494272
BuildProj[295,2045]	89530.8517056
BuildProj[86,2015]	740543.812943
BuildProj[266,2025]	1916947.78391
BuildProj[96,2045]	59531.3577003
BuildProj[34,2015]	1736765.57508
BuildProj[266,2035]	783235.813093
BuildProj[22,2025]	713763.758556
BuildProj[65,2035]	411346.314581
BuildProj[254,2015]	4266619.25272
BuildProj[67,2035]	413273.907227
BuildProj[Petropower,1998]	2545231.92252
BuildProj[297,2015]	1711465.50922
BuildProj[231,2025]	1926978.8427
BuildProj[Constitucion,1995]	2116477.62116
BuildProj[289,2015]	1718974.33887
BuildProj[261,2015]	4295902.85587
BuildProj[2,2035]	273389.05707
BuildProj[4,2035]	275633.198433
BuildProj[286,2025]	720247.845203
BuildProj[272,2045]	249875.436062
BuildProj[Nueva_Aldea,2005]	3192387.5217
BuildProj[237,2025]	1901985.1849
BuildProj[286,2035]	275704.890955
BuildProj[85,2035]	163715.248186
BuildProj[95,2025]	407584.681805
BuildProj[81,2045]	56028.342598
BuildProj[22,2035]	272890.830912
BuildProj[8,2035]	286100.971949
BuildProj[45,2045]	208397.932119
BuildProj[64,2015]	2196043.95421
BuildProj[47,2025]	2450898.32714
BuildProj[56,2015]	1024547.0335
BuildProj[7,2025]	741522.648643
BuildProj[266,2015]	4306611.31553
BuildProj[57,2035]	209663.301022
BuildProj[66,2025]	996491.769802
BuildProj[20,2015]	1709029.62413
BuildProj[89,2035]	204891.915182
BuildProj[76,2035]	412306.341402
BuildProj[Teno,2009]	1252504.73365
BuildProj[224,2015]	4291792.12508
BuildProj[3,2045]	84446.517252
BuildProj[283,2015]	1780873.5097
BuildProj[74,2045]	132835.334513
BuildProj[223,2045]	251606.699553
BuildProj[285,2025]	741198.486849
BuildProj[11,2025]	746154.111998
BuildProj[49,2015]	4909249.23091
BuildProj[84,2045]	55018.563324
BuildProj[295,2035]	291602.661636
BuildProj[86,2025]	376454.923103
BuildProj[244,2025]	1891617.89168
BuildProj[TERMOELeCTRICA_TARAPACa_DIE,1999]	830381.09288
BuildProj[80,2035]	165069.992277
BuildProj[32,2045]	83807.497057
BuildProj[293,2045]	85405.0329914
BuildProj[46,2035]	1025090.20363
BuildProj[Nehuenco_TG_9B,2002]	830381.092878
BuildProj[268,2015]	4287412.81296
BuildProj[289,2025]	714900.733973
BuildProj[237,2035]	776742.122568
BuildProj[239,2035]	785328.43601
BuildProj[299,2035]	274711.04443
BuildProj[248,2025]	1921346.56582
BuildProj[286,2045]	84172.9279709
BuildProj[259,2025]	1937253.70941
BuildProj[267,2015]	4260515.45173
BuildProj[95,2015]	801780.760027
BuildProj[294,2025]	740147.324907
BuildProj[241,2035]	785865.008514
BuildProj[243,2035]	790208.73258
BuildProj[77,2015]	2210770.44343
BuildProj[7,2015]	1775237.56854
BuildProj[88,2045]	63064.9634266
BuildProj[255,2015]	4231261.80822
BuildProj[255,2045]	246433.841709
BuildProj[89,2045]	69053.4086437
BuildProj[Traigen,2007]	1252504.73364
BuildProj[290,2015]	1729614.13374
BuildProj[262,2015]	4252918.25541
BuildProj[53,2045]	339819.721519
BuildProj[55,2025]	2423570.21432
BuildProj[Taltal_2,2000]	830381.09288
BuildProj[1,2045]	83236.7222538
BuildProj[63,2045]	133596.823696
BuildProj[258,2035]	775249.643642
BuildProj[221,2045]	251340.157715
BuildProj[260,2035]	790646.318237
BuildProj[59,2035]	412869.312752
BuildProj[11,2045]	87962.1467667
BuildProj[254,2035]	775023.35844
BuildProj[82,2045]	55103.132103
BuildProj[84,2025]	376152.884493
BuildProj[Santa_Lidia,2009]	1252504.73364
BuildProj[59,2025]	996293.023905
BuildProj[252,2035]	776976.598476
BuildProj[65,2015]	2198792.80872
BuildProj[57,2015]	1028059.67282
BuildProj[92,2045]	59721.8639755
BuildProj[250,2045]	255598.280005
BuildProj[29,2015]	1722242.5202
BuildProj[252,2025]	1902525.45841
BuildProj[Constitucion_A.,1995]	1602700.94067
BuildProj[264,2035]	770507.728041
BuildProj[245,2015]	4290319.8513
BuildProj[San_Isidro,1998]	735348.93886
BuildProj[301,2045]	87533.3954029
BuildProj[233,2015]	4315198.83746
BuildProj[79,2035]	186766.342278
BuildProj[91,2045]	59873.2953491
BuildProj[263,2025]	1892819.28267
BuildProj[88,2025]	431164.800924
BuildProj[284,2015]	1732676.72132
BuildProj[249,2045]	254623.157536
BuildProj[48,2025]	2422547.32906
BuildProj[60,2025]	990561.661314
BuildProj[222,2025]	1890855.7464
BuildProj[Lebu_(Cristoro),2009]	1902286.7124
BuildProj[259,2045]	254618.745096
BuildProj[222,2035]	771912.003866
BuildProj[282,2035]	274780.930412
BuildProj[Monte_Patria,2007]	1252504.73365
BuildProj[81,2035]	166244.572786
BuildProj[DIESEL_ENAEX,1994]	0.0
BuildProj[83,2035]	173926.140558
BuildProj[294,2045]	87083.5550842
BuildProj[67,2015]	2208179.57667
BuildProj[267,2025]	1895136.73326
BuildProj[20,2035]	271342.10416
BuildProj[32,2035]	274620.602123
BuildProj[269,2015]	4273492.68599
BuildProj[51,2015]	4903798.5805
BuildProj[55,2045]	335273.767807
BuildProj[Emelda_U1,2010]	1252504.73365
BuildProj[12,2045]	87237.1960392
BuildProj[El_Salvador,0]	0.0
BuildProj[15,2015]	1742891.24818
BuildProj[296,2025]	703863.817102
BuildProj[53,2025]	2454650.1535
BuildProj[Chuyaca,2008]	1252504.73365
BuildProj[232,2015]	4298695.77916
BuildProj[Curacautin,2007]	1252504.73364
BuildProj[270,2025]	1907860.94662
BuildProj[270,2015]	4287407.0314
BuildProj[61,2045]	132946.638041
BuildProj[80,2015]	748206.295361
BuildProj[221,2025]	1914838.54577
BuildProj[72,2015]	2201891.96614
BuildProj[238,2025]	1914722.05479
BuildProj[231,2035]	787589.240685
BuildProj[Guacolda_2,1996]	2545231.92252
BuildProj[50,2035]	1015982.7683
BuildProj[71,2045]	133807.013597
BuildProj[57,2025]	502422.581455
BuildProj[92,2035]	177203.809753
BuildProj[240,2015]	4369608.87087
BuildProj[19,2045]	82959.0799751
BuildProj[299,2015]	1725435.30021
BuildProj[90,2045]	60127.3542233
BuildProj[92,2025]	408308.578852
BuildProj[250,2025]	1943950.62876
BuildProj[291,2015]	1750292.79099
BuildProj[239,2045]	252353.93187
BuildProj[225,2025]	1911747.4014
BuildProj[54,2045]	334614.215521
BuildProj[235,2035]	786432.526604
BuildProj[261,2025]	1911880.89207
BuildProj[2,2045]	83392.4373226
BuildProj[62,2025]	989065.895281
BuildProj[48,2045]	335124.153965
BuildProj[222,2045]	247832.277754
BuildProj[261,2035]	781036.80826
BuildProj[Bocamina,1970]	0.0
BuildProj[96,2025]	407006.118727
BuildProj[257,2045]	250937.771952
BuildProj[257,2015]	4296339.50552
BuildProj[230,2025]	1923366.11003
BuildProj[253,2015]	4337863.81692
BuildProj[253,2035]	789653.580326
BuildProj[66,2015]	2206629.36237
BuildProj[255,2035]	767762.632458
BuildProj[Loma_Los_Colorados_II,2009]	2502891.18224
BuildProj[265,2025]	1913241.33383
BuildProj[267,2045]	248458.44269
BuildProj[58,2015]	1006854.42127
BuildProj[51,2025]	2415555.41943
BuildProj[263,2035]	772764.168447
BuildProj[265,2035]	781627.232943
BuildProj[300,2025]	723660.056765
BuildProj[234,2015]	4293537.0237
BuildProj[Loma_Los_Colorados,2009]	2502891.18224
BuildProj[226,2015]	4275450.09876
BuildProj[285,2015]	1774552.47922
BuildProj[Linares_Norte,2011]	1252504.73365
BuildProj[229,2045]	251146.267174
BuildProj[1,2035]	272927.026888
BuildProj[64,2025]	991483.101896
BuildProj[3,2035]	276516.671757
BuildProj[75,2015]	2184191.66284
BuildProj[Arauco,1996]	1602700.94067
BuildProj[Quintay,2008]	1252504.73364
BuildProj[260,2045]	254146.183624
BuildProj[61,2025]	988139.656645
BuildProj[256,2035]	778514.143129
BuildProj[236,2045]	251835.515741
BuildProj[256,2025]	1906068.23028
BuildProj[66,2035]	412955.56744
BuildProj[Ancud,2006]	1252504.73364
BuildProj[TERMOELeCTRICA_TOCOPILLA_GNL,1972]	0.0
BuildProj[88,2015]	848166.423353
BuildProj[228,2045]	251588.86508
BuildProj[31,2025]	722493.644054
BuildProj[52,2015]	4936365.36225
BuildProj[242,2045]	249152.295809
BuildProj[90,2025]	411080.849108
BuildProj[79,2045]	62944.6630077
BuildProj[237,2045]	249460.141695
BuildProj[50,2025]	2415145.43187
BuildProj[239,2025]	1921769.55321
BuildProj[75,2035]	408347.938404
BuildProj[248,2015]	4315907.77973
BuildProj[2,2025]	714911.758789
BuildProj[25,2045]	84830.3617439
BuildProj[247,2045]	253760.864105
BuildProj[271,2015]	4298577.82621
BuildProj[12,2035]	284797.038115
BuildProj[81,2015]	753530.270475
BuildProj[287,2045]	84294.9793777
BuildProj[73,2015]	2181157.55444
BuildProj[269,2025]	1901277.13481
BuildProj[45,2015]	3744154.12824
BuildProj[294,2035]	284341.162142
BuildProj[70,2025]	1035843.29697
BuildProj[243,2025]	1933014.6103
BuildProj[56,2045]	68224.1259899
BuildProj[230,2045]	252587.454636
BuildProj[93,2035]	178507.050426
BuildProj[Termopacifico,2009]	1252504.73364
BuildProj[95,2035]	176889.642181
BuildProj[241,2015]	4319414.66762
BuildProj[20,2045]	82702.5659065
BuildProj[265,2045]	251106.539125
BuildProj[300,2015]	1737486.44801
BuildProj[16,2035]	276826.219049
BuildProj[Santa_Maria,2012]	2734481.28878
BuildProj[298,2025]	729520.270594
BuildProj[263,2015]	4255617.71031
BuildProj[Degan,2007]	1252504.73364
BuildProj[238,2035]	782269.858175
BuildProj[Nehuenco,1999]	735348.938862
BuildProj[298,2035]	279729.075579
BuildProj[Nueva_Aldea_3,2008]	2417432.82936
BuildProj[232,2025]	1913202.41176
BuildProj[260,2025]	1934022.88421
BuildProj[258,2045]	248957.14109
BuildProj[34,2035]	277037.740328
BuildProj[252,2045]	249539.165607
BuildProj[268,2045]	250319.968891
BuildProj[59,2015]	2206209.32924
BuildProj[23,2035]	277422.615406
BuildProj[31,2015]	1735021.33057
BuildProj[Canete,2007]	1252504.73364
BuildProj[23,2015]	1738639.79527
BuildProj[235,2015]	4322178.30165
BuildProj[54,2035]	1017682.08882
BuildProj[227,2015]	4284457.02096
BuildProj[286,2015]	1730275.01919
BuildProj[77,2045]	134454.870378
BuildProj[79,2025]	430342.326717
BuildProj[Punta_Colorada_Diesel,2009]	1252504.73365
BuildProj[247,2035]	789503.016909
BuildProj[283,2025]	744189.391119
BuildProj[268,2025]	1907863.68227
BuildProj[87,2045]	56052.9183235
BuildProj[245,2045]	250521.160673
BuildProj[247,2025]	1931388.51793
BuildProj[257,2035]	781126.475189
BuildProj[259,2035]	792048.479649
BuildProj[San_Lorenzo_de_D._de_Almagro_U1,2009]	1252504.73364
BuildProj[58,2035]	204984.978035
BuildProj[96,2035]	176638.548801
